{
  "vertices": {
    "NA1": [0.0011512737531539402, 0.9995951863375891, -0.028427768457371747],
    "NA2": [0.13580331479702398, 0.9833289023564836, 0.12092034353463373],
    "NA3": [0.03469627383395526, 0.955405320445272, 0.2932521819985428],
    "NA4": [-0.16244382580294128, 0.9544142994485321, 0.25041036014245005],
    "NA5": [-0.18317609108860672, 0.9817249082198702, 0.051601591391988895],
    "NB1": [0.04375502308515662, 0.9736283391531868, -0.22390479037444622],
    "NB2": [0.33082289059279196, 0.938950339513048, 0.09449060793624801],
    "NB3": [0.11527037925748282, 0.8794208800199133, 0.4618783989870467],
    "NB4": [-0.30500576800909296, 0.8773087331604587, 0.3705413178062263],
    "NB5": [-0.34920243411725094, 0.9355308484980064, -0.05328875599211734],
    "NC1": [0.24042609233865544, 0.9376799514294593, -0.2509015799272923],
    "NC2": [0.3750808054007591, 0.9214123749214201, -0.10155601785018109],
    "NC3": [0.4133676299730461, 0.8709776352996573, 0.2655657381860171],
    "NC4": [0.3122553135822011, 0.8430567368042372, 0.4378949162398126],
    "NC5": [-0.02812347352137119, 0.81005376251409, 0.5856807765957999],
    "NC6": [-0.22526241904786545, 0.80906648110658, 0.5428335580217201],
    "NC7": [-0.47391535730905443, 0.8390994865523986, 0.2670510920669158],
    "NC8": [-0.4946445765191573, 0.8664119897942506, 0.0682422659423849],
    "NC9": [-0.3079370724361203, 0.9179770948136393, -0.24998562522069628],
    "NC10": [-0.12361278961739011, 0.9358444717020544, -0.3300227310772847],
    "N1A1": [0.14750760917840622, 0.7036688110378011, -0.6950479908661833],
    "N1A2": [0.0028793706880497387, 0.6055368035838625, -0.7958120938575133],
    "N1A3": [0.08782366206447975, 0.4483652715633722, -0.8895254845351468],
    "N1A4": [0.28496338463081095, 0.4493610956809207, -0.8466820389663378],
    "N1A5": [0.3218475488572462, 0.6071421409755605, -0.7264933419833902],
    "N1B1": [0.11383376917286404, 0.8319591617415172, -0.5430339088770159],
    "N1B2": [-0.1945109653899744, 0.6227585642773005, -0.7578504172739735],
    "N1B3": [-0.013402201149542643, 0.2876921921320612, -0.9576291472123206],
    "N1B4": [0.40685963074227244, 0.28980844137222017, -0.8663003567941469],
    "N1B5": [0.4855018652602264, 0.6261845858191262, -0.6100662286271635],
    "N1C1": [-0.08391302247698722, 0.8555891920387293, -0.5108089066620619],
    "N1C2": [-0.22854500165232794, 0.7574611818084294, -0.6115715332429357],
    "N1C3": [-0.29666871014135093, 0.4661045715251512, -0.8335071714307096],
    "N1C4": [-0.21170572456992606, 0.30894229906986925, -0.9272191445552374],
    "N1C5": [0.11023228941975184, 0.13068659592401624, -0.9852765378385264],
    "N1C6": [0.3073725033686624, 0.1316742410244229, -0.9424351640423461],
    "N1C7": [0.5744445110513212, 0.3128978192097283, -0.7563785153326374],
    "N1C8": [0.6113379557649775, 0.4706735809321648, -0.6361857307843296],
    "N1C9": [0.45446960865121955, 0.7608984840857527, -0.46313159223746675],
    "N1C10": [0.2801285836641009, 0.857423292967088, -0.4316865451827521],
    "N2A1": [0.7786622839599319, 0.6274234118080758, 0.004990977200540139],
    "N2A2": [0.8183581159619662, 0.5471623529631053, -0.175793496862254],
    "N2A3": [0.9161236295193227, 0.3731149957856458, -0.14663797378653504],
    "N2A4": [0.9368561175836498, 0.34580176844265487, 0.052170411997825836],
    "N2A5": [0.8519027466396409, 0.5029730813501364, 0.14587593943137037],
    "N2B1": [0.6385792090811844, 0.7685680258150485, 0.03898439975180076],
    "N2B2": [0.7232044352819301, 0.597463730674346, -0.34642810988318673],
    "N2B3": [0.9316282227014346, 0.22641721698703912, -0.28426061724764184],
    "N2B4": [0.9758252332523741, 0.1681917720339525, 0.13955874020651138],
    "N2B5": [0.7947160683369826, 0.5032608029663137, 0.33934486135008707],
    "N2C1": [0.5494231737499272, 0.8248905573603758, -0.13300279893388015],
    "N2C2": [0.5891237756186111, 0.744628532145032, -0.31378579654982414],
    "N2C3": [0.7459918469596669, 0.45440440872823823, -0.48683960150961975],
    "N2C4": [0.8437632058533554, 0.2803629831765726, -0.4576682751867351],
    "N2C5": [0.9789973089193565, 0.050545760324634356, -0.19750796247711852],
    "N2C6": [0.9997292917117738, 0.023230428485083804, 0.0013001868613851672],
    "N2C7": [0.926437637294662, 0.17145411469384012, 0.3351369731295488],
    "N2C8": [0.8414826084412249, 0.32861551115480364, 0.42885762849624026],
    "N2C9": [0.6609499820668053, 0.650009787887346, 0.3750098623456954],
    "N2C10": [0.5877108889915575, 0.7744567046817075, 0.23412117275954336],
    "N3A1": [0.3047410890377645, 0.49653601437966866, 0.8127637141728404],
    "N3A2": [0.4790842189665485, 0.40001314477145306, 0.7813243853530139],
    "N3A3": [0.4629283074298749, 0.21492290504552006, 0.8599450721219963],
    "N3A4": [0.27860163988051434, 0.19704824878341748, 0.9399750602581308],
    "N3A5": [0.18083966071172075, 0.3710968479168142, 0.9108151001053257],
    "N3B1": [0.24455869825774504, 0.6597460496635957, 0.7105815878980806],
    "N3B2": [0.6162325764034886, 0.4539713449436078, 0.6435584120724478],
    "N3B3": [0.5817835506332878, 0.0593742083873938, 0.811173596458178],
    "N3B4": [0.1888384398809604, 0.021276425151445972, 0.9817776516890675],
    "N3B5": [-0.019591058227056656, 0.3923256851930697, 0.9196177179542229],
    "N3C1": [0.38549970691313246, 0.7186108891320526, 0.5787817947989811],
    "N3C2": [0.5598426003741177, 0.6220878214931815, 0.5473417626640722],
    "N3C3": [0.740374895708369, 0.3006932809036989, 0.6011892918409235],
    "N3C4": [0.7242084081346366, 0.11560871372580464, 0.6798211580244916],
    "N3C5": [0.49542004581619775, -0.11604678781653652, 0.8608670752450347],
    "N3C6": [0.31109280968654884, -0.13391165709638955, 0.940897939127846],
    "N3C7": [-0.010844761781153478, 0.04434361808642506, 0.9989574739081316],
    "N3C8": [-0.10862257231125187, 0.21838354389792328, 0.969798826839397],
    "N3C9": [-0.07878412848134363, 0.5601722371137945, 0.8246212014412205],
    "N3C10": [0.045119290830631646, 0.6856095152054743, 0.726569915599769],
    "N4A1": [-0.6193209787145113, 0.4918876509923993, 0.6119542990495938],
    "N4A2": [-0.5460835840982109, 0.36744370351208167, 0.7528464942654497],
    "N4A3": [-0.6454601761643127, 0.1924075620825449, 0.7391620194783997],
    "N4A4": [-0.7801125813164695, 0.20867156274437285, 0.5898139870955722],
    "N4A5": [-0.7639572672149426, 0.3937625763056012, 0.5111949993599824],
    "N4B1": [-0.5237246107211134, 0.6558806180847337, 0.5436296045524065],
    "N4B2": [-0.36759523385938625, 0.3905826036074396, 0.8439899133301872],
    "N4B3": [-0.5794615665126014, 0.017417079057813506, 0.8148134377217008],
    "N4B4": [-0.8665089573494025, 0.05209311989323845, 0.4964358303880172],
    "N4B5": [-0.8320741458581419, 0.4466861570153659, 0.3288222816739882],
    "N4C1": [-0.34916345366472606, 0.6836287872724429, 0.6408873253835887],
    "N4C2": [-0.27592410130492173, 0.5591850709000107, 0.7817787070531029],
    "N4C3": [-0.30576259967769953, 0.21739520446559987, 0.9269566104806066],
    "N4C4": [-0.4051491404357503, 0.04236499485441054, 0.9132685153968457],
    "N4C5": [-0.6722213969894539, -0.1388587828933944, 0.7272115454549055],
    "N4C6": [-0.8068736842185972, -0.12258858126078968, 0.5778640821680947],
    "N4C7": [-0.9421076207364188, 0.1072292664753733, 0.3177028727624563],
    "N4C8": [-0.9259581991347038, 0.29231428198048104, 0.23906855503276062],
    "N4C9": [-0.7424536834644645, 0.6155377687278161, 0.2643402791472207],
    "N4C10": [-0.5978185906370745, 0.713661898035049, 0.365102215799512],
    "N5A1": [-0.7164939990307491, 0.6199046390190056, -0.31992903568704345],
    "N5A2": [-0.8403997996933303, 0.49446530576645725, -0.22188338844693684],
    "N5A3": [-0.8772884234086094, 0.3366819414503699, -0.34206767233172786],
    "N5A4": [-0.776179581723073, 0.36460961128531366, -0.5143977918640086],
    "N5A5": [-0.6768045340967934, 0.5396468680011282, -0.5007163673004862],