{
  "vertices": {
    "NA1": [0.059080211369217914, 0.9970907499840591, -0.048161861683236794],
    "NA2": [0.18880887266398863, 0.9764819660914719, 0.10408736475426492],
    "NA3": [0.08282199334834237, 0.9581611259490416, 0.2739849888914937],
    "NA4": [-0.11241016177044091, 0.9674470076582701, 0.22673826960573373],
    "NA5": [-0.12708338961173632, 0.9915068386904857, 0.027640566470147707],
    "NB1": [0.10426188173859464, 0.9648596600596268, -0.24119555635614165],
    "NB2": [0.38070185450788774, 0.9209442168685349, 0.08323369143956048],
    "NB3": [0.154853458917217, 0.8819041735187457, 0.4452700697235242],
    "NB4": [-0.2611684991621529, 0.9016915425899763, 0.34459160910721204],
    "NB5": [-0.2924358128869674, 0.9529608532927769, -0.0796674803959614],
    "NC1": [0.2990720136037125, 0.9168774365294434, -0.26437037856427364],
    "NC2": [0.429639128450799, 0.8961354552886435, -0.1111371453594776],
    "NC3": [0.45677175857434577, 0.8516458257660903, 0.25701935340377297],
    "NC4": [0.35009987207368876, 0.8332065757697487, 0.4280150484130631],
    "NC5": [0.005860141952120544, 0.8228812266760365, 0.568183197147225],
    "NC6": [-0.1906338243158365, 0.8322271242854854, 0.520631115695393],
    "NC7": [-0.43051830855223516, 0.8703353374641942, 0.23910329642731792],
    "NC8": [-0.44528637127866055, 0.8945506705598486, 0.03871879846286904],
    "NC9": [-0.24930340541418092, 0.9284281903506478, -0.2754431110249693],
    "NC10": [-0.061936604297187205, 0.9340481911281919, -0.3517354598249746],
    "N1A1": [0.2031176039866844, 0.6784924440602885, -0.7059683012032515],
    "N1A2": [0.055833244600804556, 0.5869109987151694, -0.8077240422226573],
    "N1A3": [0.13341440675881913, 0.42370423462974705, -0.8959214907713804],
    "N1A4": [0.32864656174402695, 0.41441835214832784, -0.8486747709555729],
    "N1A5": [0.3717255063159466, 0.5718861255169543, -0.7312772438653888],
    "N1B1": [0.17367724348011088, 0.81131885876206, -0.5582095704251039],
    "N1B2": [-0.1401723246859924, 0.6161671322806792, -0.7750417953176002],
    "N1B3": [0.0251460722287368, 0.2683883687623593, -0.9629825328449872],
    "N1B4": [0.4411680299157363, 0.248600997395914, -0.8623040725138813],
    "N1B5": [0.5329653422763861, 0.5841504950659997, -0.6121406235877194],
    "N1C1": [-0.02293553834386233, 0.8477811927806964, -0.5298499884384418],
    "N1C2": [-0.17117181619880642, 0.7556078445440663, -0.6322633902122375],
    "N1C3": [-0.2508301611245866, 0.46443028139186276, -0.8493460684529536],
    "N1C4": [-0.17274758222863326, 0.30016869008784325, -0.9381135487376301],
    "N1C5": [0.1390294700220462, 0.10304030395312921, -0.984912941445403],
    "N1C6": [0.3355234363451809, 0.0936944056516204, -0.9373608600814901],
    "N1C7": [0.6078705983027504, 0.2630399263216162, -0.7492017971680093],
    "N1C8": [0.6512279678898224, 0.42152543502017065, -0.6310455145781073],
    "N1C9": [0.5077707172575281, 0.7233151090833897, -0.4679574250585834],
    "N1C10": [0.3380730795567097, 0.8306104380867694, -0.4424849071102287],
    "N2A1": [0.8134569259649582, 0.5815335217694152, 0.010324372043936528],
    "N2A2": [0.8523361667878306, 0.49553598851089664, -0.16723379705058353],
    "N2A3": [0.9389858835017433, 0.317459431457695, -0.1323820983479553],
    "N2A4": [0.953659112197785, 0.2933996008686113, 0.06671560486327151],
    "N2A5": [0.8760779496201037, 0.4566063640595265, 0.15491305461378704],
    "N2B1": [0.6817359808267875, 0.7306083001129963, 0.03804686915024552],
    "N2B2": [0.7645841061945914, 0.5473553800144361, -0.34031343277024784],
    "N2B3": [0.949226767757279, 0.1678904411099781, -0.26604763324819414],
    "N2B4": [0.9804940832282711, 0.11662113081994936, 0.1582114553394556],
    "N2B5": [0.8151756845705844, 0.46439989370606305, 0.3461521948661833],
    "N2C1": [0.598775346622407, 0.7891950974933998, -0.13652539093369945],
    "N2C2": [0.6379058697487683, 0.7026417500134093, -0.3152311413521209],
    "N2C3": [0.7813631206384937, 0.4008520762179562, -0.4783192309512846],
    "N2C4": [0.86857286548872, 0.22162458648087446, -0.4432422813810698],
    "N2C5": [0.9843669536067288, -0.009381317577089612, -0.17587976440604502],
    "N2C6": [0.9991350174665865, -0.033596650268788206, 0.02450473347663348],
    "N2C7": [0.9272424487988608, 0.12542352143766994, 0.3528319450045113],
    "N2C8": [0.8491598689495093, 0.2896851119650604, 0.441599425805155],
    "N2C9": [0.6889337290733337, 0.6189708893034152, 0.37715428559152003],
    "N2C10": [0.6259079768812414, 0.7447054681906674, 0.23163110784898944],
    "N3A1": [0.31481646345821634, 0.4953387751780579, 0.8096481285970857],
    "N3A2": [0.48342436615937784, 0.3887324571100651, 0.7843391861896071],
    "N3A3": [0.45501865014038756, 0.20720485310237935, 0.8660393621973778],
    "N3A4": [0.2688550492756381, 0.20162094187495325, 0.94184179047038],
    "N3A5": [0.1822053327738658, 0.3796974989758939, 0.9069900914454445],
    "N3B1": [0.2666576211744423, 0.6588580580142092, 0.7034200540639518],
    "N3B2": [0.6259457217939632, 0.4316896944111694, 0.6494889999892418],
    "N3B3": [0.5654157246349275, 0.04487088739929601, 0.8235846415515284],
    "N3B4": [0.16871803113187483, 0.032972081193935035, 0.9851127183387312],
    "N3B5": [-0.015924630687699032, 0.41243702004520305, 0.9108469194292163],
    "N3C1": [0.41291711321207997, 0.7078879713864085, 0.5730567839080499],
    "N3C2": [0.5826147512701023, 0.6005926427628643, 0.5475842666308036],
    "N3C3": [0.7428408913383765, 0.2713068652739527, 0.6120294069820725],
    "N3C4": [0.7142515852789854, 0.0886060242286527, 0.6942576217780022],
    "N3C5": [0.46903705513741284, -0.12522912610553583, 0.874255058254093],
    "N3C6": [0.2816702541861303, -0.1308491269917498, 0.9505474074827713],
    "N3C7": [-0.030106798423776924, 0.06627925820635099, 0.9973468005765527],
    "N3C8": [-0.11731654355166762, 0.24550674772003434, 0.9622698506307994],
    "N3C9": [-0.0647908302080003, 0.5811739407574137, 0.8111960298876322],
    "N3C10": [0.068677383038622, 0.6975626224327328, 0.7132249328533988],
    "N4A1": [-0.6036996162244108, 0.5390264132549776, 0.5873647071317557],
    "N4A2": [-0.54107859140852, 0.41409925573990836, 0.7319533894415859],
    "N4A3": [-0.6496610302332785, 0.24530858085506724, 0.7195583686922891],
    "N4A4": [-0.7793896918118837, 0.26591736520699444, 0.567309142512922],
    "N4A5": [-0.7509839759774791, 0.4474449689183855, 0.48560896574783513],
    "N4B1": [-0.49793365123216915, 0.6952245274234652, 0.5183868588606582],
    "N4B2": [-0.3644939457593579, 0.42901612053446686, 0.8264921849759561],
    "N4B3": [-0.5958732425533904, 0.06933855126855949, 0.8000795236205497],
    "N4B4": [-0.8723132164929648, 0.11325399526033132, 0.47565027582171215],
    "N4B5": [-0.8117832203080554, 0.5000728006188957, 0.3015546340341286],
    "N4C1": [-0.32366047795138003, 0.7162234978836575, 0.6182780896098315],
    "N4C2": [-0.2606347249645139, 0.5904889194067137, 0.7638012674777149],
    "N4C3": [-0.31316043846315234, 0.2548217260909828, 0.9148750885741607],
    "N4C4": [-0.42244466023878224, 0.08494013488820029, 0.9023999570705409],
    "N4C5": [-0.69479182209489, -0.08440538511091908, 0.7142408941767059],
    "N4C6": [-0.8253589372052297, -0.06366340383776245, 0.5610076610771405],
    "N4C7": [-0.9411530252913402, 0.16734250034102194, 0.293645143948565],
    "N4C8": [-0.9125637192857943, 0.35004334109995167, 0.21141692835452183],
    "N4C9": [-0.7117812403807756, 0.6621583633007709, 0.23433686810412244],
    "N4C10": [-0.5635449625808143, 0.754331711284254, 0.3367502702311573],
    "N5A1": [-0.6727333076729481, 0.6522216068179721, -0.349337762555377],
    "N5A2": [-0.8053444389217436, 0.5365803308274434, -0.25199580009780637],
    "N5A3": [-0.848423384168727, 0.37911255741902106, -0.369393326960429],
    "N5A4": [-0.742436504980181, 0.3974333981915809, -0.5392909512264283],
    "N5A5": [-0.6338540659381362, 0.5662240729879404, -0.5268959311502038],