{
  "name": "Goldberg GP(2,2) optimisation report",
  "vertex_count": 240,
  "edge_count": 360,
  "face_count": 122,
  "edge_length": 0.20174395333543618,
  "selected_stage": "planarity_bounded_polish",
  "priority_order": ["on_sphere", "equilateral", "planar"],
  "target_tolerance": 1e-12,
  "priority_precision_tolerance": 5e-16,
  "satisfied_target_count": 2,
  "satisfies_priority_goal": true,
  "satisfies_priority_precision_goal": true,
  "satisfies_target": false,
  "metrics": {
    "on_sphere": 0.0,
    "equilateral": 1.942890293094024e-16,
    "planar": 0.003164674459697032,
    "shortest_edge": 0.20174395333543604,
    "longest_edge": 0.20174395333543624
  },
  "stages": [
    {
      "stage": "sphere_and_edges_refine",
      "success": true,
      "status": 3,
      "cost": 4.9688992565190685e-31,
      "optimality": 2.3314683517128287e-15,
      "evaluations": 71,
      "satisfied_target_count": 2,
      "metrics": {
        "on_sphere": 2.220446049250313e-16,
        "equilateral": 2.220446049250313e-16,
        "planar": 0.0032631808329335378,
        "shortest_edge": 0.20174532878208712,
        "longest_edge": 0.20174532878208734
      }
    },
    {
      "stage": "planarity_bounded_polish",
      "success": true,
      "status": 9,
      "cost": 0.0032835328220355755,
      "optimality": null,
      "evaluations": 10094,
      "repair_evaluations": 117,
      "satisfied_target_count": 2,
      "metrics": {
        "on_sphere": 0.0,
        "equilateral": 1.942890293094024e-16,
        "planar": 0.003164674459697032,
        "shortest_edge": 0.20174395333543604,
        "longest_edge": 0.20174395333543624
      }
    },
    {
      "stage": "add_planarity",
      "success": true,
      "status": 2,
      "cost": 0.0016379666607783021,
      "optimality": 1.3342874114613545e-10,
      "evaluations": 28,
      "satisfied_target_count": 1,
      "metrics": {
        "on_sphere": 2.220446049250313e-16,
        "equilateral": 1.8953154273665396e-5,
        "planar": 0.0031623193788652905,
        "shortest_edge": 0.20173302717286462,
        "longest_edge": 0.20175198032713829
      }
    },
    {
      "stage": "tighten_planarity",
      "success": true,
      "status": 2,
      "cost": 0.16270189595418977,
      "optimality": 1.169156732538923e-8,
      "evaluations": 29,
      "satisfied_target_count": 1,
      "metrics": {
        "on_sphere": 2.220446049250313e-16,
        "equilateral": 7.504667763350015e-5,
        "planar": 0.003156710875980377,
        "shortest_edge": 0.20170066548402915,
        "longest_edge": 0.20177571216166265
      }
    },
    {
      "stage": "final_polish",
      "success": true,
      "status": 3,
      "cost": 13.595788371246346,
      "optimality": 9.640352658379925e-7,
      "evaluations": 35,
      "satisfied_target_count": 1,
      "metrics": {
        "on_sphere": 2.220446049250313e-16,
        "equilateral": 0.0015281172764651796,
        "planar": 0.003007759909777773,
        "shortest_edge": 0.20085376208351283,
        "longest_edge": 0.202381879359978
      }
    }
  ]
}
